kir3dl1_allele,hla_allele,mfi_mean,confidence_tier,source_doi,source_detail
001,B*57:01,4078.9,A,10.1101/2024.05.03.592082,Maiers 2024 Supplementary Table
001,B*58:01,3710.6,A,10.1101/2024.05.03.592082,Maiers 2024 Supplementary Table
001,B*57:03,3671.6,A,10.1101/2024.05.03.592082,Maiers 2024 Supplementary Table
001,B*49:01,3337.3,A,10.1101/2024.05.03.592082,Maiers 2024 Supplementary Table
001,A*32:01,3305.7,A,10.1101/2024.05.03.592082,Maiers 2024 Supplementary Table
001,B*53:01,3131.5,A,10.1101/2024.05.03.592082,Maiers 2024 Supplementary Table
001,B*38:01,2828,A,10.1101/2024.05.03.592082,Maiers 2024 Supplementary Table
001,B*15:13,2175,A,10.1101/2024.05.03.592082,Maiers 2024 Supplementary Table
001,B*59:01,1977.5,A,10.1101/2024.05.03.592082,Maiers 2024 Supplementary Table
001,B*15:16,1932.1,A,10.1101/2024.05.03.592082,Maiers 2024 Supplementary Table
001,B*44:03,1913.4,A,10.1101/2024.05.03.592082,Maiers 2024 Supplementary Table
001,B*47:01,1912.9,A,10.1101/2024.05.03.592082,Maiers 2024 Supplementary Table
001,B*51:02,1859.6,A,10.1101/2024.05.03.592082,Maiers 2024 Supplementary Table
001,B*51:01,1727.5,A,10.1101/2024.05.03.592082,Maiers 2024 Supplementary Table
001,A*24:03,1430.3,A,10.1101/2024.05.03.592082,Maiers 2024 Supplementary Table
001,B*44:02,1321.8,A,10.1101/2024.05.03.592082,Maiers 2024 Supplementary Table
001,A*24:02,1311.8,A,10.1101/2024.05.03.592082,Maiers 2024 Supplementary Table
001,B*52:01,1107.4,A,10.1101/2024.05.03.592082,Maiers 2024 Supplementary Table
001,B*37:01,975.4,A,10.1101/2024.05.03.592082,Maiers 2024 Supplementary Table
001,C*07:02,466.1,A,10.1101/2024.05.03.592082,Maiers 2024 Supplementary Table
001,C*04:01,353,A,10.1101/2024.05.03.592082,Maiers 2024 Supplementary Table
001,C*01:02,285.7,A,10.1101/2024.05.03.592082,Maiers 2024 Supplementary Table
001,B*27:05,277.3,A,10.1101/2024.05.03.592082,Maiers 2024 Supplementary Table
001,C*16:01,217.3,A,10.1101/2024.05.03.592082,Maiers 2024 Supplementary Table
001,A*23:01,206.4,A,10.1101/2024.05.03.592082,Maiers 2024 Supplementary Table
001,C*14:02,185.6,A,10.1101/2024.05.03.592082,Maiers 2024 Supplementary Table
001,C*02:02,166,A,10.1101/2024.05.03.592082,Maiers 2024 Supplementary Table
001,C*17:01,157.3,A,10.1101/2024.05.03.592082,Maiers 2024 Supplementary Table
001,C*06:02,67.9,A,10.1101/2024.05.03.592082,Maiers 2024 Supplementary Table
001,B*13:01,50.5,A,10.1101/2024.05.03.592082,Maiers 2024 Supplementary Table
001,C*12:03,44,A,10.1101/2024.05.03.592082,Maiers 2024 Supplementary Table
001,C*18:02,40.4,A,10.1101/2024.05.03.592082,Maiers 2024 Supplementary Table
001,C*05:01,12.1,A,10.1101/2024.05.03.592082,Maiers 2024 Supplementary Table
001,B*46:01,8.5,A,10.1101/2024.05.03.592082,Maiers 2024 Supplementary Table
001,B*15:11,6.6,A,10.1101/2024.05.03.592082,Maiers 2024 Supplementary Table
002,B*57:01,4849.8,A,10.1101/2024.05.03.592082,Maiers 2024 Supplementary Table
002,B*53:01,4450.3,A,10.1101/2024.05.03.592082,Maiers 2024 Supplementary Table
002,B*58:01,4408.3,A,10.1101/2024.05.03.592082,Maiers 2024 Supplementary Table
002,A*32:01,4000.5,A,10.1101/2024.05.03.592082,Maiers 2024 Supplementary Table
002,B*49:01,3844.9,A,10.1101/2024.05.03.592082,Maiers 2024 Supplementary Table
002,B*57:03,3729.8,A,10.1101/2024.05.03.592082,Maiers 2024 Supplementary Table
002,B*59:01,2371.8,A,10.1101/2024.05.03.592082,Maiers 2024 Supplementary Table
002,B*15:13,2362.2,A,10.1101/2024.05.03.592082,Maiers 2024 Supplementary Table
002,B*38:01,2097,A,10.1101/2024.05.03.592082,Maiers 2024 Supplementary Table
002,B*47:01,2005.2,A,10.1101/2024.05.03.592082,Maiers 2024 Supplementary Table
002,B*51:02,1801.6,A,10.1101/2024.05.03.592082,Maiers 2024 Supplementary Table
002,B*44:03,1716,A,10.1101/2024.05.03.592082,Maiers 2024 Supplementary Table
002,B*51:01,1698.4,A,10.1101/2024.05.03.592082,Maiers 2024 Supplementary Table
002,B*52:01,1491.3,A,10.1101/2024.05.03.592082,Maiers 2024 Supplementary Table
002,B*15:16,1425.8,A,10.1101/2024.05.03.592082,Maiers 2024 Supplementary Table
002,A*24:03,1359.3,A,10.1101/2024.05.03.592082,Maiers 2024 Supplementary Table
002,B*44:02,1291.6,A,10.1101/2024.05.03.592082,Maiers 2024 Supplementary Table
002,B*37:01,967.1,A,10.1101/2024.05.03.592082,Maiers 2024 Supplementary Table
002,A*24:02,848.8,A,10.1101/2024.05.03.592082,Maiers 2024 Supplementary Table
002,C*04:01,458,A,10.1101/2024.05.03.592082,Maiers 2024 Supplementary Table
002,C*02:02,307.9,A,10.1101/2024.05.03.592082,Maiers 2024 Supplementary Table
002,B*27:05,254.4,A,10.1101/2024.05.03.592082,Maiers 2024 Supplementary Table
002,C*17:01,202,A,10.1101/2024.05.03.592082,Maiers 2024 Supplementary Table
002,C*07:02,192.6,A,10.1101/2024.05.03.592082,Maiers 2024 Supplementary Table
002,C*01:02,174.4,A,10.1101/2024.05.03.592082,Maiers 2024 Supplementary Table
002,C*14:02,161.4,A,10.1101/2024.05.03.592082,Maiers 2024 Supplementary Table
002,C*12:03,128.1,A,10.1101/2024.05.03.592082,Maiers 2024 Supplementary Table
002,C*06:02,125.9,A,10.1101/2024.05.03.592082,Maiers 2024 Supplementary Table
002,B*13:01,81.1,A,10.1101/2024.05.03.592082,Maiers 2024 Supplementary Table
002,A*23:01,52.2,A,10.1101/2024.05.03.592082,Maiers 2024 Supplementary Table
002,C*18:02,15.9,A,10.1101/2024.05.03.592082,Maiers 2024 Supplementary Table
002,C*16:01,14.5,A,10.1101/2024.05.03.592082,Maiers 2024 Supplementary Table
004,B*57:01,2890.5,A,10.1101/2024.05.03.592082,Maiers 2024 Supplementary Table
004,B*58:01,2140.1,A,10.1101/2024.05.03.592082,Maiers 2024 Supplementary Table
004,B*57:03,2127.3,A,10.1101/2024.05.03.592082,Maiers 2024 Supplementary Table
004,B*53:01,1955.3,A,10.1101/2024.05.03.592082,Maiers 2024 Supplementary Table
004,B*38:01,1599.3,A,10.1101/2024.05.03.592082,Maiers 2024 Supplementary Table
004,B*44:03,1535.2,A,10.1101/2024.05.03.592082,Maiers 2024 Supplementary Table
004,B*49:01,1513.2,A,10.1101/2024.05.03.592082,Maiers 2024 Supplementary Table
004,A*32:01,1148.2,A,10.1101/2024.05.03.592082,Maiers 2024 Supplementary Table
004,B*15:13,1012.6,A,10.1101/2024.05.03.592082,Maiers 2024 Supplementary Table
004,B*15:16,992.5,A,10.1101/2024.05.03.592082,Maiers 2024 Supplementary Table
004,B*44:02,976.5,A,10.1101/2024.05.03.592082,Maiers 2024 Supplementary Table
004,B*51:01,937.1,A,10.1101/2024.05.03.592082,Maiers 2024 Supplementary Table
004,B*47:01,922.9,A,10.1101/2024.05.03.592082,Maiers 2024 Supplementary Table
004,A*24:03,857.9,A,10.1101/2024.05.03.592082,Maiers 2024 Supplementary Table
004,B*51:02,804,A,10.1101/2024.05.03.592082,Maiers 2024 Supplementary Table
004,A*24:02,691.8,A,10.1101/2024.05.03.592082,Maiers 2024 Supplementary Table
004,B*37:01,679.4,A,10.1101/2024.05.03.592082,Maiers 2024 Supplementary Table
004,B*59:01,662.8,A,10.1101/2024.05.03.592082,Maiers 2024 Supplementary Table
004,B*52:01,409.6,A,10.1101/2024.05.03.592082,Maiers 2024 Supplementary Table
004,A*23:01,138.7,A,10.1101/2024.05.03.592082,Maiers 2024 Supplementary Table
004,C*04:01,105.3,A,10.1101/2024.05.03.592082,Maiers 2024 Supplementary Table
004,B*27:05,88.7,A,10.1101/2024.05.03.592082,Maiers 2024 Supplementary Table
004,C*07:02,88.5,A,10.1101/2024.05.03.592082,Maiers 2024 Supplementary Table
004,C*16:01,75.2,A,10.1101/2024.05.03.592082,Maiers 2024 Supplementary Table
004,C*17:01,45.8,A,10.1101/2024.05.03.592082,Maiers 2024 Supplementary Table
004,C*14:02,45.7,A,10.1101/2024.05.03.592082,Maiers 2024 Supplementary Table
004,C*02:02,39.9,A,10.1101/2024.05.03.592082,Maiers 2024 Supplementary Table
004,C*01:02,35.1,A,10.1101/2024.05.03.592082,Maiers 2024 Supplementary Table
004,C*06:02,32.5,A,10.1101/2024.05.03.592082,Maiers 2024 Supplementary Table
004,C*18:02,26.5,A,10.1101/2024.05.03.592082,Maiers 2024 Supplementary Table
004,C*03:03,11.7,A,10.1101/2024.05.03.592082,Maiers 2024 Supplementary Table
004,B*13:01,11.7,A,10.1101/2024.05.03.592082,Maiers 2024 Supplementary Table
004,B*46:01,11.3,A,10.1101/2024.05.03.592082,Maiers 2024 Supplementary Table
004,C*03:02,10.9,A,10.1101/2024.05.03.592082,Maiers 2024 Supplementary Table
004,C*05:01,9.9,A,10.1101/2024.05.03.592082,Maiers 2024 Supplementary Table
004,C*03:04,9.5,A,10.1101/2024.05.03.592082,Maiers 2024 Supplementary Table
004,C*12:03,7.3,A,10.1101/2024.05.03.592082,Maiers 2024 Supplementary Table
004,A*11:01,3.4,A,10.1101/2024.05.03.592082,Maiers 2024 Supplementary Table
004,B*54:01,2.4,A,10.1101/2024.05.03.592082,Maiers 2024 Supplementary Table
004,C*08:01,1,A,10.1101/2024.05.03.592082,Maiers 2024 Supplementary Table
005,B*57:01,3951.1,A,10.1101/2024.05.03.592082,Maiers 2024 Supplementary Table
005,B*44:03,3186.9,A,10.1101/2024.05.03.592082,Maiers 2024 Supplementary Table
005,B*58:01,3181.4,A,10.1101/2024.05.03.592082,Maiers 2024 Supplementary Table
005,B*57:03,2990.2,A,10.1101/2024.05.03.592082,Maiers 2024 Supplementary Table
005,B*49:01,2805.1,A,10.1101/2024.05.03.592082,Maiers 2024 Supplementary Table
005,B*53:01,2713.8,A,10.1101/2024.05.03.592082,Maiers 2024 Supplementary Table
005,B*38:01,2401.6,A,10.1101/2024.05.03.592082,Maiers 2024 Supplementary Table
005,A*32:01,2284.2,A,10.1101/2024.05.03.592082,Maiers 2024 Supplementary Table
005,B*47:01,2029.5,A,10.1101/2024.05.03.592082,Maiers 2024 Supplementary Table
005,A*24:03,2016.8,A,10.1101/2024.05.03.592082,Maiers 2024 Supplementary Table
005,B*15:13,1882.8,A,10.1101/2024.05.03.592082,Maiers 2024 Supplementary Table
005,A*24:02,1864.6,A,10.1101/2024.05.03.592082,Maiers 2024 Supplementary Table
005,B*44:02,1809.1,A,10.1101/2024.05.03.592082,Maiers 2024 Supplementary Table
005,B*59:01,1768.3,A,10.1101/2024.05.03.592082,Maiers 2024 Supplementary Table
005,B*51:02,1677.7,A,10.1101/2024.05.03.592082,Maiers 2024 Supplementary Table
005,B*15:16,1593.8,A,10.1101/2024.05.03.592082,Maiers 2024 Supplementary Table
005,B*51:01,1585.8,A,10.1101/2024.05.03.592082,Maiers 2024 Supplementary Table
005,B*37:01,1392.8,A,10.1101/2024.05.03.592082,Maiers 2024 Supplementary Table
005,B*52:01,968.6,A,10.1101/2024.05.03.592082,Maiers 2024 Supplementary Table
005,A*23:01,950.2,A,10.1101/2024.05.03.592082,Maiers 2024 Supplementary Table
005,B*27:05,852.5,A,10.1101/2024.05.03.592082,Maiers 2024 Supplementary Table
005,B*13:01,376.5,A,10.1101/2024.05.03.592082,Maiers 2024 Supplementary Table
005,C*01:02,254.2,A,10.1101/2024.05.03.592082,Maiers 2024 Supplementary Table
005,C*04:01,252.3,A,10.1101/2024.05.03.592082,Maiers 2024 Supplementary Table
005,C*16:01,219,A,10.1101/2024.05.03.592082,Maiers 2024 Supplementary Table
005,C*07:02,211.2,A,10.1101/2024.05.03.592082,Maiers 2024 Supplementary Table
005,C*14:02,209.2,A,10.1101/2024.05.03.592082,Maiers 2024 Supplementary Table
005,C*02:02,161.3,A,10.1101/2024.05.03.592082,Maiers 2024 Supplementary Table
005,B*46:01,135,A,10.1101/2024.05.03.592082,Maiers 2024 Supplementary Table
005,B*13:02,134.8,A,10.1101/2024.05.03.592082,Maiers 2024 Supplementary Table
005,A*11:01,122.8,A,10.1101/2024.05.03.592082,Maiers 2024 Supplementary Table
005,C*17:01,110.9,A,10.1101/2024.05.03.592082,Maiers 2024 Supplementary Table
005,C*18:02,100.5,A,10.1101/2024.05.03.592082,Maiers 2024 Supplementary Table
005,C*06:02,91.8,A,10.1101/2024.05.03.592082,Maiers 2024 Supplementary Table
005,C*12:03,71.4,A,10.1101/2024.05.03.592082,Maiers 2024 Supplementary Table
005,B*15:02,51.5,A,10.1101/2024.05.03.592082,Maiers 2024 Supplementary Table
005,C*05:01,45,A,10.1101/2024.05.03.592082,Maiers 2024 Supplementary Table
005,C*03:02,40.8,A,10.1101/2024.05.03.592082,Maiers 2024 Supplementary Table
005,B*15:11,40,A,10.1101/2024.05.03.592082,Maiers 2024 Supplementary Table
005,B*54:01,37.1,A,10.1101/2024.05.03.592082,Maiers 2024 Supplementary Table
005,A*69:01,36.4,A,10.1101/2024.05.03.592082,Maiers 2024 Supplementary Table
005,C*08:01,30.7,A,10.1101/2024.05.03.592082,Maiers 2024 Supplementary Table
005,A*68:02,24.9,A,10.1101/2024.05.03.592082,Maiers 2024 Supplementary Table
005,C*03:04,24.8,A,10.1101/2024.05.03.592082,Maiers 2024 Supplementary Table
005,C*03:03,23.4,A,10.1101/2024.05.03.592082,Maiers 2024 Supplementary Table
005,B*15:12,23.2,A,10.1101/2024.05.03.592082,Maiers 2024 Supplementary Table
005,B*35:01,21.6,A,10.1101/2024.05.03.592082,Maiers 2024 Supplementary Table
005,B*15:03,15,A,10.1101/2024.05.03.592082,Maiers 2024 Supplementary Table
005,B*48:01,13.7,A,10.1101/2024.05.03.592082,Maiers 2024 Supplementary Table
005,B*15:10,13.5,A,10.1101/2024.05.03.592082,Maiers 2024 Supplementary Table
005,B*15:01,12.6,A,10.1101/2024.05.03.592082,Maiers 2024 Supplementary Table
005,B*82:01,10.8,A,10.1101/2024.05.03.592082,Maiers 2024 Supplementary Table
005,B*14:01,10.6,A,10.1101/2024.05.03.592082,Maiers 2024 Supplementary Table
005,B*55:01,6.5,A,10.1101/2024.05.03.592082,Maiers 2024 Supplementary Table
005,A*03:01,5.5,A,10.1101/2024.05.03.592082,Maiers 2024 Supplementary Table
005,B*45:01,3.9,A,10.1101/2024.05.03.592082,Maiers 2024 Supplementary Table
005,A*29:02,3.9,A,10.1101/2024.05.03.592082,Maiers 2024 Supplementary Table
005,B*07:02,0.8,A,10.1101/2024.05.03.592082,Maiers 2024 Supplementary Table
008,B*57:01,6120.7,A,10.1101/2024.05.03.592082,Maiers 2024 Supplementary Table
008,B*58:01,5562.9,A,10.1101/2024.05.03.592082,Maiers 2024 Supplementary Table
008,B*53:01,5341.5,A,10.1101/2024.05.03.592082,Maiers 2024 Supplementary Table
008,B*49:01,5045.9,A,10.1101/2024.05.03.592082,Maiers 2024 Supplementary Table
008,B*57:03,4831,A,10.1101/2024.05.03.592082,Maiers 2024 Supplementary Table
008,A*32:01,4450.4,A,10.1101/2024.05.03.592082,Maiers 2024 Supplementary Table
008,B*15:13,3011.8,A,10.1101/2024.05.03.592082,Maiers 2024 Supplementary Table
008,B*59:01,2917.5,A,10.1101/2024.05.03.592082,Maiers 2024 Supplementary Table
008,B*38:01,2756.6,A,10.1101/2024.05.03.592082,Maiers 2024 Supplementary Table
008,B*47:01,2624.6,A,10.1101/2024.05.03.592082,Maiers 2024 Supplementary Table
008,B*51:02,2533.4,A,10.1101/2024.05.03.592082,Maiers 2024 Supplementary Table
008,B*51:01,2372.6,A,10.1101/2024.05.03.592082,Maiers 2024 Supplementary Table
008,B*44:03,2327.7,A,10.1101/2024.05.03.592082,Maiers 2024 Supplementary Table
008,B*52:01,2108.9,A,10.1101/2024.05.03.592082,Maiers 2024 Supplementary Table
008,A*24:03,1910.7,A,10.1101/2024.05.03.592082,Maiers 2024 Supplementary Table
008,B*15:16,1887.6,A,10.1101/2024.05.03.592082,Maiers 2024 Supplementary Table
008,A*24:02,1254.8,A,10.1101/2024.05.03.592082,Maiers 2024 Supplementary Table
008,B*44:02,1243.2,A,10.1101/2024.05.03.592082,Maiers 2024 Supplementary Table
008,B*37:01,996.8,A,10.1101/2024.05.03.592082,Maiers 2024 Supplementary Table
008,A*23:01,296.9,A,10.1101/2024.05.03.592082,Maiers 2024 Supplementary Table
008,B*27:05,261.3,A,10.1101/2024.05.03.592082,Maiers 2024 Supplementary Table
008,C*04:01,201.7,A,10.1101/2024.05.03.592082,Maiers 2024 Supplementary Table
008,C*02:02,151.9,A,10.1101/2024.05.03.592082,Maiers 2024 Supplementary Table
008,C*07:02,86.6,A,10.1101/2024.05.03.592082,Maiers 2024 Supplementary Table
008,B*13:01,70.2,A,10.1101/2024.05.03.592082,Maiers 2024 Supplementary Table
008,C*01:02,41.5,A,10.1101/2024.05.03.592082,Maiers 2024 Supplementary Table
008,C*17:01,38.8,A,10.1101/2024.05.03.592082,Maiers 2024 Supplementary Table
008,C*14:02,24.8,A,10.1101/2024.05.03.592082,Maiers 2024 Supplementary Table
008,C*06:02,5.5,A,10.1101/2024.05.03.592082,Maiers 2024 Supplementary Table
008,C*12:03,2.6,A,10.1101/2024.05.03.592082,Maiers 2024 Supplementary Table
008,C*16:01,1.3,A,10.1101/2024.05.03.592082,Maiers 2024 Supplementary Table
008,B*15:11,1.3,A,10.1101/2024.05.03.592082,Maiers 2024 Supplementary Table
008,C*18:02,0.3,A,10.1101/2024.05.03.592082,Maiers 2024 Supplementary Table
009,B*57:01,3086.6,A,10.1101/2024.05.03.592082,Maiers 2024 Supplementary Table
009,B*53:01,2927.6,A,10.1101/2024.05.03.592082,Maiers 2024 Supplementary Table
009,B*58:01,2682.3,A,10.1101/2024.05.03.592082,Maiers 2024 Supplementary Table
009,A*32:01,2521.4,A,10.1101/2024.05.03.592082,Maiers 2024 Supplementary Table
009,B*49:01,2468.1,A,10.1101/2024.05.03.592082,Maiers 2024 Supplementary Table
009,B*57:03,2186,A,10.1101/2024.05.03.592082,Maiers 2024 Supplementary Table
009,B*59:01,1550.8,A,10.1101/2024.05.03.592082,Maiers 2024 Supplementary Table
009,B*15:13,1542.9,A,10.1101/2024.05.03.592082,Maiers 2024 Supplementary Table
009,B*38:01,1365.2,A,10.1101/2024.05.03.592082,Maiers 2024 Supplementary Table
009,B*47:01,1307.7,A,10.1101/2024.05.03.592082,Maiers 2024 Supplementary Table
009,B*51:02,1291.1,A,10.1101/2024.05.03.592082,Maiers 2024 Supplementary Table
009,B*44:03,1177.5,A,10.1101/2024.05.03.592082,Maiers 2024 Supplementary Table
009,B*51:01,1169,A,10.1101/2024.05.03.592082,Maiers 2024 Supplementary Table
009,B*52:01,1094.4,A,10.1101/2024.05.03.592082,Maiers 2024 Supplementary Table
009,B*15:16,998,A,10.1101/2024.05.03.592082,Maiers 2024 Supplementary Table
009,A*24:03,933.7,A,10.1101/2024.05.03.592082,Maiers 2024 Supplementary Table
009,B*44:02,906.5,A,10.1101/2024.05.03.592082,Maiers 2024 Supplementary Table
009,B*37:01,661.8,A,10.1101/2024.05.03.592082,Maiers 2024 Supplementary Table
009,A*24:02,576.7,A,10.1101/2024.05.03.592082,Maiers 2024 Supplementary Table
009,C*04:01,348.7,A,10.1101/2024.05.03.592082,Maiers 2024 Supplementary Table
009,C*02:02,270.1,A,10.1101/2024.05.03.592082,Maiers 2024 Supplementary Table
009,C*07:02,243.4,A,10.1101/2024.05.03.592082,Maiers 2024 Supplementary Table
009,B*27:05,219.1,A,10.1101/2024.05.03.592082,Maiers 2024 Supplementary Table
009,C*17:01,217.9,A,10.1101/2024.05.03.592082,Maiers 2024 Supplementary Table
009,C*14:02,189.5,A,10.1101/2024.05.03.592082,Maiers 2024 Supplementary Table
009,C*06:02,180.6,A,10.1101/2024.05.03.592082,Maiers 2024 Supplementary Table
009,C*12:03,120.8,A,10.1101/2024.05.03.592082,Maiers 2024 Supplementary Table
009,C*01:02,120.1,A,10.1101/2024.05.03.592082,Maiers 2024 Supplementary Table
009,B*13:01,102.9,A,10.1101/2024.05.03.592082,Maiers 2024 Supplementary Table
009,C*18:02,93.1,A,10.1101/2024.05.03.592082,Maiers 2024 Supplementary Table
009,C*16:01,91.2,A,10.1101/2024.05.03.592082,Maiers 2024 Supplementary Table
009,B*15:11,63.3,A,10.1101/2024.05.03.592082,Maiers 2024 Supplementary Table
009,C*05:01,38.3,A,10.1101/2024.05.03.592082,Maiers 2024 Supplementary Table
009,A*23:01,34.4,A,10.1101/2024.05.03.592082,Maiers 2024 Supplementary Table
009,C*03:02,5,A,10.1101/2024.05.03.592082,Maiers 2024 Supplementary Table
015,B*57:01,2450.6,A,10.1101/2024.05.03.592082,Maiers 2024 Supplementary Table
015,A*32:01,2195.1,A,10.1101/2024.05.03.592082,Maiers 2024 Supplementary Table
015,B*58:01,2047.1,A,10.1101/2024.05.03.592082,Maiers 2024 Supplementary Table
015,B*53:01,1795.9,A,10.1101/2024.05.03.592082,Maiers 2024 Supplementary Table
015,B*49:01,1784.4,A,10.1101/2024.05.03.592082,Maiers 2024 Supplementary Table
015,B*57:03,1645,A,10.1101/2024.05.03.592082,Maiers 2024 Supplementary Table
015,B*38:01,1244.4,A,10.1101/2024.05.03.592082,Maiers 2024 Supplementary Table
015,B*15:16,832.2,A,10.1101/2024.05.03.592082,Maiers 2024 Supplementary Table
015,B*15:13,830.4,A,10.1101/2024.05.03.592082,Maiers 2024 Supplementary Table
015,B*51:02,821.9,A,10.1101/2024.05.03.592082,Maiers 2024 Supplementary Table
015,B*51:01,779.9,A,10.1101/2024.05.03.592082,Maiers 2024 Supplementary Table
015,B*59:01,742.5,A,10.1101/2024.05.03.592082,Maiers 2024 Supplementary Table
015,B*44:03,668.5,A,10.1101/2024.05.03.592082,Maiers 2024 Supplementary Table
015,B*47:01,622.2,A,10.1101/2024.05.03.592082,Maiers 2024 Supplementary Table
015,B*44:02,597.3,A,10.1101/2024.05.03.592082,Maiers 2024 Supplementary Table
015,A*24:03,446,A,10.1101/2024.05.03.592082,Maiers 2024 Supplementary Table
015,B*52:01,390.1,A,10.1101/2024.05.03.592082,Maiers 2024 Supplementary Table
015,C*16:01,383.9,A,10.1101/2024.05.03.592082,Maiers 2024 Supplementary Table
015,C*04:01,338,A,10.1101/2024.05.03.592082,Maiers 2024 Supplementary Table
015,C*07:02,265,A,10.1101/2024.05.03.592082,Maiers 2024 Supplementary Table
015,A*24:02,224.9,A,10.1101/2024.05.03.592082,Maiers 2024 Supplementary Table
015,B*37:01,193.8,A,10.1101/2024.05.03.592082,Maiers 2024 Supplementary Table
015,C*14:02,188.6,A,10.1101/2024.05.03.592082,Maiers 2024 Supplementary Table
015,C*02:02,188.4,A,10.1101/2024.05.03.592082,Maiers 2024 Supplementary Table
015,C*17:01,41.5,A,10.1101/2024.05.03.592082,Maiers 2024 Supplementary Table
015,C*01:02,26.6,A,10.1101/2024.05.03.592082,Maiers 2024 Supplementary Table
015,C*18:02,5.5,A,10.1101/2024.05.03.592082,Maiers 2024 Supplementary Table
020,B*57:01,3484.5,A,10.1101/2024.05.03.592082,Maiers 2024 Supplementary Table
020,B*58:01,3132.7,A,10.1101/2024.05.03.592082,Maiers 2024 Supplementary Table
020,B*53:01,3071.8,A,10.1101/2024.05.03.592082,Maiers 2024 Supplementary Table
020,A*32:01,2952.3,A,10.1101/2024.05.03.592082,Maiers 2024 Supplementary Table
020,B*49:01,2753.4,A,10.1101/2024.05.03.592082,Maiers 2024 Supplementary Table
020,B*57:03,2489.1,A,10.1101/2024.05.03.592082,Maiers 2024 Supplementary Table
020,B*15:13,1748.4,A,10.1101/2024.05.03.592082,Maiers 2024 Supplementary Table
020,B*59:01,1739.5,A,10.1101/2024.05.03.592082,Maiers 2024 Supplementary Table
020,B*38:01,1550.1,A,10.1101/2024.05.03.592082,Maiers 2024 Supplementary Table
020,B*47:01,1427.9,A,10.1101/2024.05.03.592082,Maiers 2024 Supplementary Table
020,B*51:02,1404.2,A,10.1101/2024.05.03.592082,Maiers 2024 Supplementary Table
020,B*44:03,1393.7,A,10.1101/2024.05.03.592082,Maiers 2024 Supplementary Table
020,B*51:01,1314.5,A,10.1101/2024.05.03.592082,Maiers 2024 Supplementary Table
020,A*24:03,1170.4,A,10.1101/2024.05.03.592082,Maiers 2024 Supplementary Table
020,B*52:01,1148,A,10.1101/2024.05.03.592082,Maiers 2024 Supplementary Table
020,B*15:16,996,A,10.1101/2024.05.03.592082,Maiers 2024 Supplementary Table
020,B*44:02,884,A,10.1101/2024.05.03.592082,Maiers 2024 Supplementary Table
020,A*24:02,763.8,A,10.1101/2024.05.03.592082,Maiers 2024 Supplementary Table
020,B*37:01,734,A,10.1101/2024.05.03.592082,Maiers 2024 Supplementary Table
020,C*04:01,238,A,10.1101/2024.05.03.592082,Maiers 2024 Supplementary Table
020,C*02:02,213.3,A,10.1101/2024.05.03.592082,Maiers 2024 Supplementary Table
020,B*27:05,199.5,A,10.1101/2024.05.03.592082,Maiers 2024 Supplementary Table
020,C*07:02,175.2,A,10.1101/2024.05.03.592082,Maiers 2024 Supplementary Table
020,C*17:01,138.8,A,10.1101/2024.05.03.592082,Maiers 2024 Supplementary Table
020,A*23:01,124,A,10.1101/2024.05.03.592082,Maiers 2024 Supplementary Table
020,C*14:02,108.8,A,10.1101/2024.05.03.592082,Maiers 2024 Supplementary Table
020,C*06:02,96.1,A,10.1101/2024.05.03.592082,Maiers 2024 Supplementary Table
020,B*13:01,68.7,A,10.1101/2024.05.03.592082,Maiers 2024 Supplementary Table
020,C*12:03,54.6,A,10.1101/2024.05.03.592082,Maiers 2024 Supplementary Table
020,C*01:02,50.1,A,10.1101/2024.05.03.592082,Maiers 2024 Supplementary Table
020,C*16:01,39,A,10.1101/2024.05.03.592082,Maiers 2024 Supplementary Table
020,C*18:02,30.8,A,10.1101/2024.05.03.592082,Maiers 2024 Supplementary Table
020,B*15:11,10.6,A,10.1101/2024.05.03.592082,Maiers 2024 Supplementary Table
020,C*05:01,3.1,A,10.1101/2024.05.03.592082,Maiers 2024 Supplementary Table
029,B*57:01,3950,A,10.1101/2024.05.03.592082,Maiers 2024 Supplementary Table
029,B*53:01,3709,A,10.1101/2024.05.03.592082,Maiers 2024 Supplementary Table
029,B*58:01,3581.6,A,10.1101/2024.05.03.592082,Maiers 2024 Supplementary Table
029,A*32:01,3215.7,A,10.1101/2024.05.03.592082,Maiers 2024 Supplementary Table
029,B*49:01,3073.4,A,10.1101/2024.05.03.592082,Maiers 2024 Supplementary Table
029,B*57:03,2911.6,A,10.1101/2024.05.03.592082,Maiers 2024 Supplementary Table
029,B*59:01,1946.3,A,10.1101/2024.05.03.592082,Maiers 2024 Supplementary Table
029,B*15:13,1915.2,A,10.1101/2024.05.03.592082,Maiers 2024 Supplementary Table
029,B*38:01,1644.9,A,10.1101/2024.05.03.592082,Maiers 2024 Supplementary Table
029,B*47:01,1643.4,A,10.1101/2024.05.03.592082,Maiers 2024 Supplementary Table
029,B*51:02,1464.5,A,10.1101/2024.05.03.592082,Maiers 2024 Supplementary Table
029,B*51:01,1417.7,A,10.1101/2024.05.03.592082,Maiers 2024 Supplementary Table
029,B*44:03,1296.6,A,10.1101/2024.05.03.592082,Maiers 2024 Supplementary Table
029,B*52:01,1258.5,A,10.1101/2024.05.03.592082,Maiers 2024 Supplementary Table
029,B*15:16,1132.2,A,10.1101/2024.05.03.592082,Maiers 2024 Supplementary Table
029,A*24:03,1016.5,A,10.1101/2024.05.03.592082,Maiers 2024 Supplementary Table
029,B*44:02,1003.1,A,10.1101/2024.05.03.592082,Maiers 2024 Supplementary Table
029,B*37:01,710.1,A,10.1101/2024.05.03.592082,Maiers 2024 Supplementary Table
029,A*24:02,572,A,10.1101/2024.05.03.592082,Maiers 2024 Supplementary Table
029,C*04:01,331.3,A,10.1101/2024.05.03.592082,Maiers 2024 Supplementary Table
029,C*02:02,252,A,10.1101/2024.05.03.592082,Maiers 2024 Supplementary Table
029,C*17:01,157.5,A,10.1101/2024.05.03.592082,Maiers 2024 Supplementary Table
029,C*07:02,112.6,A,10.1101/2024.05.03.592082,Maiers 2024 Supplementary Table
029,B*27:05,90.4,A,10.1101/2024.05.03.592082,Maiers 2024 Supplementary Table
029,C*06:02,72.5,A,10.1101/2024.05.03.592082,Maiers 2024 Supplementary Table
029,C*14:02,58.1,A,10.1101/2024.05.03.592082,Maiers 2024 Supplementary Table
029,C*12:03,12.9,A,10.1101/2024.05.03.592082,Maiers 2024 Supplementary Table
029,B*13:01,4.1,A,10.1101/2024.05.03.592082,Maiers 2024 Supplementary Table
029,C*16:01,2.4,A,10.1101/2024.05.03.592082,Maiers 2024 Supplementary Table
